name,email,section
Aarav Sharma,student001@mastersunion.org,A
Vivaan Sharma,student002@mastersunion.org,A
Aditya Sharma,student003@mastersunion.org,A
Vihaan Sharma,student004@mastersunion.org,A
Arjun Sharma,student005@mastersunion.org,A
Sai Sharma,student006@mastersunion.org,A
Reyansh Sharma,student007@mastersunion.org,A
Krishna Sharma,student008@mastersunion.org,A
Ishaan Sharma,student009@mastersunion.org,A
Rohan Sharma,student010@mastersunion.org,A
Aryan Sharma,student011@mastersunion.org,A
Kabir Sharma,student012@mastersunion.org,A
Ananya Sharma,student013@mastersunion.org,A
Diya Sharma,student014@mastersunion.org,A
Aadhya Sharma,student015@mastersunion.org,A
Siya Sharma,student016@mastersunion.org,A
Pari Sharma,student017@mastersunion.org,A
Anika Sharma,student018@mastersunion.org,A
Navya Sharma,student019@mastersunion.org,A
Riya Sharma,student020@mastersunion.org,A
Ira Sharma,student021@mastersunion.org,A
Myra Sharma,student022@mastersunion.org,A
Sara Sharma,student023@mastersunion.org,A
Aarohi Sharma,student024@mastersunion.org,A
Anaya Sharma,student025@mastersunion.org,A
Kiara Sharma,student026@mastersunion.org,A
Amaira Sharma,student027@mastersunion.org,A
Zara Sharma,student028@mastersunion.org,A
Ishita Sharma,student029@mastersunion.org,A
Tanvi Sharma,student030@mastersunion.org,A
Meera Sharma,student031@mastersunion.org,A
Nisha Sharma,student032@mastersunion.org,A
Rahul Sharma,student033@mastersunion.org,A
Priya Sharma,student034@mastersunion.org,A
Sneha Sharma,student035@mastersunion.org,A
Karan Sharma,student036@mastersunion.org,A
Pooja Sharma,student037@mastersunion.org,A
Vikram Sharma,student038@mastersunion.org,A
Neha Sharma,student039@mastersunion.org,A
Amit Sharma,student040@mastersunion.org,A
Divya Sharma,student041@mastersunion.org,A
Rajat Sharma,student042@mastersunion.org,A
Shreya Sharma,student043@mastersunion.org,A
Manish Sharma,student044@mastersunion.org,A
Kavya Sharma,student045@mastersunion.org,A
Nikhil Sharma,student046@mastersunion.org,A
Tanya Sharma,student047@mastersunion.org,A
Harsh Sharma,student048@mastersunion.org,A
Aarav Verma,student049@mastersunion.org,A
Vivaan Verma,student050@mastersunion.org,A
Aditya Verma,student051@mastersunion.org,A
Vihaan Verma,student052@mastersunion.org,A
Arjun Verma,student053@mastersunion.org,A
Sai Verma,student054@mastersunion.org,A
Reyansh Verma,student055@mastersunion.org,A
Krishna Verma,student056@mastersunion.org,A
Ishaan Verma,student057@mastersunion.org,A
Rohan Verma,student058@mastersunion.org,A
Aryan Verma,student059@mastersunion.org,A
Kabir Verma,student060@mastersunion.org,A
Ananya Verma,student061@mastersunion.org,B
Diya Verma,student062@mastersunion.org,B
Aadhya Verma,student063@mastersunion.org,B
Siya Verma,student064@mastersunion.org,B
Pari Verma,student065@mastersunion.org,B
Anika Verma,student066@mastersunion.org,B
Navya Verma,student067@mastersunion.org,B
Riya Verma,student068@mastersunion.org,B
Ira Verma,student069@mastersunion.org,B
Myra Verma,student070@mastersunion.org,B
Sara Verma,student071@mastersunion.org,B
Aarohi Verma,student072@mastersunion.org,B
Anaya Verma,student073@mastersunion.org,B
Kiara Verma,student074@mastersunion.org,B
Amaira Verma,student075@mastersunion.org,B
Zara Verma,student076@mastersunion.org,B
Ishita Verma,student077@mastersunion.org,B
Tanvi Verma,student078@mastersunion.org,B
Meera Verma,student079@mastersunion.org,B
Nisha Verma,student080@mastersunion.org,B
Rahul Verma,student081@mastersunion.org,B
Priya Verma,student082@mastersunion.org,B
Sneha Verma,student083@mastersunion.org,B
Karan Verma,student084@mastersunion.org,B
Pooja Verma,student085@mastersunion.org,B
Vikram Verma,student086@mastersunion.org,B
Neha Verma,student087@mastersunion.org,B
Amit Verma,student088@mastersunion.org,B
Divya Verma,student089@mastersunion.org,B
Rajat Verma,student090@mastersunion.org,B
Shreya Verma,student091@mastersunion.org,B
Manish Verma,student092@mastersunion.org,B
Kavya Verma,student093@mastersunion.org,B
Nikhil Verma,student094@mastersunion.org,B
Tanya Verma,student095@mastersunion.org,B
Harsh Verma,student096@mastersunion.org,B
Aarav Gupta,student097@mastersunion.org,B
Vivaan Gupta,student098@mastersunion.org,B
Aditya Gupta,student099@mastersunion.org,B
Vihaan Gupta,student100@mastersunion.org,B
Arjun Gupta,student101@mastersunion.org,B
Sai Gupta,student102@mastersunion.org,B
Reyansh Gupta,student103@mastersunion.org,B
Krishna Gupta,student104@mastersunion.org,B
Ishaan Gupta,student105@mastersunion.org,B
Rohan Gupta,student106@mastersunion.org,B
Aryan Gupta,student107@mastersunion.org,B
Kabir Gupta,student108@mastersunion.org,B
Ananya Gupta,student109@mastersunion.org,B
Diya Gupta,student110@mastersunion.org,B
Aadhya Gupta,student111@mastersunion.org,B
Siya Gupta,student112@mastersunion.org,B
Pari Gupta,student113@mastersunion.org,B
Anika Gupta,student114@mastersunion.org,B
Navya Gupta,student115@mastersunion.org,B
Riya Gupta,student116@mastersunion.org,B
Ira Gupta,student117@mastersunion.org,B
Myra Gupta,student118@mastersunion.org,B
Sara Gupta,student119@mastersunion.org,B
Aarohi Gupta,student120@mastersunion.org,B
Anaya Gupta,student121@mastersunion.org,C
Kiara Gupta,student122@mastersunion.org,C
Amaira Gupta,student123@mastersunion.org,C
Zara Gupta,student124@mastersunion.org,C
Ishita Gupta,student125@mastersunion.org,C
Tanvi Gupta,student126@mastersunion.org,C
Meera Gupta,student127@mastersunion.org,C
Nisha Gupta,student128@mastersunion.org,C
Rahul Gupta,student129@mastersunion.org,C
Priya Gupta,student130@mastersunion.org,C
Sneha Gupta,student131@mastersunion.org,C
Karan Gupta,student132@mastersunion.org,C
Pooja Gupta,student133@mastersunion.org,C
Vikram Gupta,student134@mastersunion.org,C
Neha Gupta,student135@mastersunion.org,C
Amit Gupta,student136@mastersunion.org,C
Divya Gupta,student137@mastersunion.org,C
Rajat Gupta,student138@mastersunion.org,C
Shreya Gupta,student139@mastersunion.org,C
Manish Gupta,student140@mastersunion.org,C
Kavya Gupta,student141@mastersunion.org,C
Nikhil Gupta,student142@mastersunion.org,C
Tanya Gupta,student143@mastersunion.org,C
Harsh Gupta,student144@mastersunion.org,C
Aarav Mehta,student145@mastersunion.org,C
Vivaan Mehta,student146@mastersunion.org,C
Aditya Mehta,student147@mastersunion.org,C
Vihaan Mehta,student148@mastersunion.org,C
Arjun Mehta,student149@mastersunion.org,C
Sai Mehta,student150@mastersunion.org,C
Reyansh Mehta,student151@mastersunion.org,C
Krishna Mehta,student152@mastersunion.org,C
Ishaan Mehta,student153@mastersunion.org,C
Rohan Mehta,student154@mastersunion.org,C
Aryan Mehta,student155@mastersunion.org,C
Kabir Mehta,student156@mastersunion.org,C
Ananya Mehta,student157@mastersunion.org,C
Diya Mehta,student158@mastersunion.org,C
Aadhya Mehta,student159@mastersunion.org,C
Siya Mehta,student160@mastersunion.org,C
Pari Mehta,student161@mastersunion.org,C
Anika Mehta,student162@mastersunion.org,C
Navya Mehta,student163@mastersunion.org,C
Riya Mehta,student164@mastersunion.org,C
Ira Mehta,student165@mastersunion.org,C
Myra Mehta,student166@mastersunion.org,C
Sara Mehta,student167@mastersunion.org,C
Aarohi Mehta,student168@mastersunion.org,C
Anaya Mehta,student169@mastersunion.org,C
Kiara Mehta,student170@mastersunion.org,C
Amaira Mehta,student171@mastersunion.org,C
Zara Mehta,student172@mastersunion.org,C
Ishita Mehta,student173@mastersunion.org,C
Tanvi Mehta,student174@mastersunion.org,C
Meera Mehta,student175@mastersunion.org,C
Nisha Mehta,student176@mastersunion.org,C
Rahul Mehta,student177@mastersunion.org,C
Priya Mehta,student178@mastersunion.org,C
Sneha Mehta,student179@mastersunion.org,C
Karan Mehta,student180@mastersunion.org,C
Pooja Mehta,student181@mastersunion.org,D
Vikram Mehta,student182@mastersunion.org,D
Neha Mehta,student183@mastersunion.org,D
Amit Mehta,student184@mastersunion.org,D
Divya Mehta,student185@mastersunion.org,D
Rajat Mehta,student186@mastersunion.org,D
Shreya Mehta,student187@mastersunion.org,D
Manish Mehta,student188@mastersunion.org,D
Kavya Mehta,student189@mastersunion.org,D
Nikhil Mehta,student190@mastersunion.org,D
Tanya Mehta,student191@mastersunion.org,D
Harsh Mehta,student192@mastersunion.org,D
Aarav Iyer,student193@mastersunion.org,D
Vivaan Iyer,student194@mastersunion.org,D
Aditya Iyer,student195@mastersunion.org,D
Vihaan Iyer,student196@mastersunion.org,D
Arjun Iyer,student197@mastersunion.org,D
Sai Iyer,student198@mastersunion.org,D
Reyansh Iyer,student199@mastersunion.org,D
Krishna Iyer,student200@mastersunion.org,D
Ishaan Iyer,student201@mastersunion.org,D
Rohan Iyer,student202@mastersunion.org,D
Aryan Iyer,student203@mastersunion.org,D
Kabir Iyer,student204@mastersunion.org,D
Ananya Iyer,student205@mastersunion.org,D
Diya Iyer,student206@mastersunion.org,D
Aadhya Iyer,student207@mastersunion.org,D
Siya Iyer,student208@mastersunion.org,D
Pari Iyer,student209@mastersunion.org,D
Anika Iyer,student210@mastersunion.org,D
Navya Iyer,student211@mastersunion.org,D
Riya Iyer,student212@mastersunion.org,D
Ira Iyer,student213@mastersunion.org,D
Myra Iyer,student214@mastersunion.org,D
Sara Iyer,student215@mastersunion.org,D
Aarohi Iyer,student216@mastersunion.org,D
Anaya Iyer,student217@mastersunion.org,D
Kiara Iyer,student218@mastersunion.org,D
Amaira Iyer,student219@mastersunion.org,D
Zara Iyer,student220@mastersunion.org,D
Ishita Iyer,student221@mastersunion.org,D
Tanvi Iyer,student222@mastersunion.org,D
Meera Iyer,student223@mastersunion.org,D
Nisha Iyer,student224@mastersunion.org,D
Rahul Iyer,student225@mastersunion.org,D
Priya Iyer,student226@mastersunion.org,D
Sneha Iyer,student227@mastersunion.org,D
Karan Iyer,student228@mastersunion.org,D
Pooja Iyer,student229@mastersunion.org,D
Vikram Iyer,student230@mastersunion.org,D
Neha Iyer,student231@mastersunion.org,D
Amit Iyer,student232@mastersunion.org,D
Divya Iyer,student233@mastersunion.org,D
Rajat Iyer,student234@mastersunion.org,D
Shreya Iyer,student235@mastersunion.org,D
Manish Iyer,student236@mastersunion.org,D
Kavya Iyer,student237@mastersunion.org,D
Nikhil Iyer,student238@mastersunion.org,D
Tanya Iyer,student239@mastersunion.org,D
Harsh Iyer,student240@mastersunion.org,D
Aarav Nair,student241@mastersunion.org,E
Vivaan Nair,student242@mastersunion.org,E
Aditya Nair,student243@mastersunion.org,E
Vihaan Nair,student244@mastersunion.org,E
Arjun Nair,student245@mastersunion.org,E
Sai Nair,student246@mastersunion.org,E
Reyansh Nair,student247@mastersunion.org,E
Krishna Nair,student248@mastersunion.org,E
Ishaan Nair,student249@mastersunion.org,E
Rohan Nair,student250@mastersunion.org,E
Aryan Nair,student251@mastersunion.org,E
Kabir Nair,student252@mastersunion.org,E
Ananya Nair,student253@mastersunion.org,E
Diya Nair,student254@mastersunion.org,E
Aadhya Nair,student255@mastersunion.org,E
Siya Nair,student256@mastersunion.org,E
Pari Nair,student257@mastersunion.org,E
Anika Nair,student258@mastersunion.org,E
Navya Nair,student259@mastersunion.org,E
Riya Nair,student260@mastersunion.org,E
Ira Nair,student261@mastersunion.org,E
Myra Nair,student262@mastersunion.org,E
Sara Nair,student263@mastersunion.org,E
Aarohi Nair,student264@mastersunion.org,E
Anaya Nair,student265@mastersunion.org,E
Kiara Nair,student266@mastersunion.org,E
Amaira Nair,student267@mastersunion.org,E
Zara Nair,student268@mastersunion.org,E
Ishita Nair,student269@mastersunion.org,E
Tanvi Nair,student270@mastersunion.org,E
Meera Nair,student271@mastersunion.org,E
Nisha Nair,student272@mastersunion.org,E
Rahul Nair,student273@mastersunion.org,E
Priya Nair,student274@mastersunion.org,E
Sneha Nair,student275@mastersunion.org,E
Karan Nair,student276@mastersunion.org,E
Pooja Nair,student277@mastersunion.org,E
Vikram Nair,student278@mastersunion.org,E
Neha Nair,student279@mastersunion.org,E
Amit Nair,student280@mastersunion.org,E
Divya Nair,student281@mastersunion.org,E
Rajat Nair,student282@mastersunion.org,E
Shreya Nair,student283@mastersunion.org,E
Manish Nair,student284@mastersunion.org,E
Kavya Nair,student285@mastersunion.org,E
Nikhil Nair,student286@mastersunion.org,E
Tanya Nair,student287@mastersunion.org,E
Harsh Nair,student288@mastersunion.org,E
Aarav Reddy,student289@mastersunion.org,E
Vivaan Reddy,student290@mastersunion.org,E
Aditya Reddy,student291@mastersunion.org,E
Vihaan Reddy,student292@mastersunion.org,E
Arjun Reddy,student293@mastersunion.org,E
Sai Reddy,student294@mastersunion.org,E
Reyansh Reddy,student295@mastersunion.org,E
Krishna Reddy,student296@mastersunion.org,E
Ishaan Reddy,student297@mastersunion.org,E
Rohan Reddy,student298@mastersunion.org,E
Aryan Reddy,student299@mastersunion.org,E
Kabir Reddy,student300@mastersunion.org,E
Ananya Reddy,student301@mastersunion.org,F
Diya Reddy,student302@mastersunion.org,F
Aadhya Reddy,student303@mastersunion.org,F
Siya Reddy,student304@mastersunion.org,F
Pari Reddy,student305@mastersunion.org,F
Anika Reddy,student306@mastersunion.org,F
Navya Reddy,student307@mastersunion.org,F
Riya Reddy,student308@mastersunion.org,F
Ira Reddy,student309@mastersunion.org,F
Myra Reddy,student310@mastersunion.org,F
Sara Reddy,student311@mastersunion.org,F
Aarohi Reddy,student312@mastersunion.org,F
Anaya Reddy,student313@mastersunion.org,F
Kiara Reddy,student314@mastersunion.org,F
Amaira Reddy,student315@mastersunion.org,F
Zara Reddy,student316@mastersunion.org,F
Ishita Reddy,student317@mastersunion.org,F
Tanvi Reddy,student318@mastersunion.org,F
Meera Reddy,student319@mastersunion.org,F
Nisha Reddy,student320@mastersunion.org,F
Rahul Reddy,student321@mastersunion.org,F
Priya Reddy,student322@mastersunion.org,F
Sneha Reddy,student323@mastersunion.org,F
Karan Reddy,student324@mastersunion.org,F
Pooja Reddy,student325@mastersunion.org,F
Vikram Reddy,student326@mastersunion.org,F
Neha Reddy,student327@mastersunion.org,F
Amit Reddy,student328@mastersunion.org,F
Divya Reddy,student329@mastersunion.org,F
Rajat Reddy,student330@mastersunion.org,F
Shreya Reddy,student331@mastersunion.org,F
Manish Reddy,student332@mastersunion.org,F
Kavya Reddy,student333@mastersunion.org,F
Nikhil Reddy,student334@mastersunion.org,F
Tanya Reddy,student335@mastersunion.org,F
Harsh Reddy,student336@mastersunion.org,F
Aarav Rao,student337@mastersunion.org,F
Vivaan Rao,student338@mastersunion.org,F
Aditya Rao,student339@mastersunion.org,F
Vihaan Rao,student340@mastersunion.org,F
Arjun Rao,student341@mastersunion.org,F
Sai Rao,student342@mastersunion.org,F
Reyansh Rao,student343@mastersunion.org,F
Krishna Rao,student344@mastersunion.org,F
Ishaan Rao,student345@mastersunion.org,F
Rohan Rao,student346@mastersunion.org,F
Aryan Rao,student347@mastersunion.org,F
Kabir Rao,student348@mastersunion.org,F
Ananya Rao,student349@mastersunion.org,F
Diya Rao,student350@mastersunion.org,F
Aadhya Rao,student351@mastersunion.org,F
Siya Rao,student352@mastersunion.org,F
Pari Rao,student353@mastersunion.org,F
Anika Rao,student354@mastersunion.org,F
Navya Rao,student355@mastersunion.org,F
Riya Rao,student356@mastersunion.org,F
Ira Rao,student357@mastersunion.org,F
Myra Rao,student358@mastersunion.org,F
Sara Rao,student359@mastersunion.org,F
Aarohi Rao,student360@mastersunion.org,F
Anaya Rao,student361@mastersunion.org,G
Kiara Rao,student362@mastersunion.org,G
Amaira Rao,student363@mastersunion.org,G
Zara Rao,student364@mastersunion.org,G
Ishita Rao,student365@mastersunion.org,G
Tanvi Rao,student366@mastersunion.org,G
Meera Rao,student367@mastersunion.org,G
Nisha Rao,student368@mastersunion.org,G
Rahul Rao,student369@mastersunion.org,G
Priya Rao,student370@mastersunion.org,G
Sneha Rao,student371@mastersunion.org,G
Karan Rao,student372@mastersunion.org,G
Pooja Rao,student373@mastersunion.org,G
Vikram Rao,student374@mastersunion.org,G
Neha Rao,student375@mastersunion.org,G
Amit Rao,student376@mastersunion.org,G
Divya Rao,student377@mastersunion.org,G
Rajat Rao,student378@mastersunion.org,G
Shreya Rao,student379@mastersunion.org,G
Manish Rao,student380@mastersunion.org,G
Kavya Rao,student381@mastersunion.org,G
Nikhil Rao,student382@mastersunion.org,G
Tanya Rao,student383@mastersunion.org,G
Harsh Rao,student384@mastersunion.org,G
Aarav Patel,student385@mastersunion.org,G
Vivaan Patel,student386@mastersunion.org,G
Aditya Patel,student387@mastersunion.org,G
Vihaan Patel,student388@mastersunion.org,G
Arjun Patel,student389@mastersunion.org,G
Sai Patel,student390@mastersunion.org,G
Reyansh Patel,student391@mastersunion.org,G
Krishna Patel,student392@mastersunion.org,G
Ishaan Patel,student393@mastersunion.org,G
Rohan Patel,student394@mastersunion.org,G
Aryan Patel,student395@mastersunion.org,G
Kabir Patel,student396@mastersunion.org,G
Ananya Patel,student397@mastersunion.org,G
Diya Patel,student398@mastersunion.org,G
Aadhya Patel,student399@mastersunion.org,G
Siya Patel,student400@mastersunion.org,G
Pari Patel,student401@mastersunion.org,G
Anika Patel,student402@mastersunion.org,G
Navya Patel,student403@mastersunion.org,G
Riya Patel,student404@mastersunion.org,G
Ira Patel,student405@mastersunion.org,G
Myra Patel,student406@mastersunion.org,G
Sara Patel,student407@mastersunion.org,G
Aarohi Patel,student408@mastersunion.org,G
Anaya Patel,student409@mastersunion.org,G
Kiara Patel,student410@mastersunion.org,G
Amaira Patel,student411@mastersunion.org,G
Zara Patel,student412@mastersunion.org,G
Ishita Patel,student413@mastersunion.org,G
Tanvi Patel,student414@mastersunion.org,G
Meera Patel,student415@mastersunion.org,G
Nisha Patel,student416@mastersunion.org,G
Rahul Patel,student417@mastersunion.org,G
Priya Patel,student418@mastersunion.org,G
Sneha Patel,student419@mastersunion.org,G
Karan Patel,student420@mastersunion.org,G
Pooja Patel,student421@mastersunion.org,H
Vikram Patel,student422@mastersunion.org,H
Neha Patel,student423@mastersunion.org,H
Amit Patel,student424@mastersunion.org,H
Divya Patel,student425@mastersunion.org,H
Rajat Patel,student426@mastersunion.org,H
Shreya Patel,student427@mastersunion.org,H
Manish Patel,student428@mastersunion.org,H
Kavya Patel,student429@mastersunion.org,H
Nikhil Patel,student430@mastersunion.org,H
Tanya Patel,student431@mastersunion.org,H
Harsh Patel,student432@mastersunion.org,H
Aarav Shah,student433@mastersunion.org,H
Vivaan Shah,student434@mastersunion.org,H
Aditya Shah,student435@mastersunion.org,H
Vihaan Shah,student436@mastersunion.org,H
Arjun Shah,student437@mastersunion.org,H
Sai Shah,student438@mastersunion.org,H
Reyansh Shah,student439@mastersunion.org,H
Krishna Shah,student440@mastersunion.org,H
Ishaan Shah,student441@mastersunion.org,H
Rohan Shah,student442@mastersunion.org,H
Aryan Shah,student443@mastersunion.org,H
Kabir Shah,student444@mastersunion.org,H
Ananya Shah,student445@mastersunion.org,H
Diya Shah,student446@mastersunion.org,H
Aadhya Shah,student447@mastersunion.org,H
Siya Shah,student448@mastersunion.org,H
Pari Shah,student449@mastersunion.org,H
Anika Shah,student450@mastersunion.org,H
Navya Shah,student451@mastersunion.org,H
Riya Shah,student452@mastersunion.org,H
Ira Shah,student453@mastersunion.org,H
Myra Shah,student454@mastersunion.org,H
Sara Shah,student455@mastersunion.org,H
Aarohi Shah,student456@mastersunion.org,H
Anaya Shah,student457@mastersunion.org,H
Kiara Shah,student458@mastersunion.org,H
Amaira Shah,student459@mastersunion.org,H
Zara Shah,student460@mastersunion.org,H
Ishita Shah,student461@mastersunion.org,H
Tanvi Shah,student462@mastersunion.org,H
Meera Shah,student463@mastersunion.org,H
Nisha Shah,student464@mastersunion.org,H
Rahul Shah,student465@mastersunion.org,H
Priya Shah,student466@mastersunion.org,H
Sneha Shah,student467@mastersunion.org,H
Karan Shah,student468@mastersunion.org,H
Pooja Shah,student469@mastersunion.org,H
Vikram Shah,student470@mastersunion.org,H
Neha Shah,student471@mastersunion.org,H
Amit Shah,student472@mastersunion.org,H
Divya Shah,student473@mastersunion.org,H
Rajat Shah,student474@mastersunion.org,H
Shreya Shah,student475@mastersunion.org,H
Manish Shah,student476@mastersunion.org,H
Kavya Shah,student477@mastersunion.org,H
Nikhil Shah,student478@mastersunion.org,H
Tanya Shah,student479@mastersunion.org,H
Harsh Shah,student480@mastersunion.org,H
